matricule;name;surname;email;ville_residence;birthdate;telephone_1;telephone_2;is_imprime;picture_extension;picture;picture_content_type;date_delivrance;date_expiration;created_by;created_date;last_modified_by;last_modified_date
a898e32e-70a0-4547-9816-148f8cd7e6aa;dès que coin-coin affable;pin-pon prêter;Aurore_Lemoine36@hotmail.fr;camarade jusque critiquer;2024-07-31T14:22:04;prout actionnaire;diplomate;false;parmi miaou;../fake-data/blob/hipster.png;image/png;2024-07-31;2024-07-31;psitt;2024-07-31T09:32:41;incliner;2024-07-31T14:26:40
1a3e17d7-0c3b-4d6b-853f-6617329cdf32;si bien que hôte;concevoir ding;Parfait_Moreau@yahoo.fr;réjouir par rapport à;2024-08-01T01:11:20;même si pourvu que;aigre;true;flatter;../fake-data/blob/hipster.png;image/png;2024-07-31;2024-07-31;pauvre délégation;2024-07-31T20:02:47;au dépens de;2024-07-31T11:59:10
ea213c45-89f8-4bd9-9cb7-776d9581ef78;subsister spécialiste;toc-toc;Adelphe_Vasseur@gmail.com;peu;2024-07-31T18:58:08;en pourvu que délectable;trembler foule altruiste;true;dense aujourd'hui;../fake-data/blob/hipster.png;image/png;2024-08-01;2024-07-31;apte pauvre aimable;2024-07-31T09:13:14;parfois chef de cuisine;2024-08-01T04:00:59
00758fe6-0d13-4f40-a4a0-8b1ddefc11c1;environ;divinement ci crac;Emmelie.Rolland@yahoo.fr;sincère;2024-07-31T14:15:18;désagréable tant;incognito vu que;false;parmi bien que;../fake-data/blob/hipster.png;image/png;2024-07-31;2024-07-31;lectorat;2024-07-31T15:10:00;personnel semer;2024-07-31T11:04:52
a8462e12-f03a-48e6-b9b8-22f5999adce4;avare envers à travers;téméraire au lieu de;Florestan15@hotmail.fr;touriste glouglou au cas où;2024-07-31T10:00:22;sans doute électorat;à partir de;false;danser quoique tsoin-tsoin;../fake-data/blob/hipster.png;image/png;2024-08-01;2024-07-31;avant que adversaire presser;2024-07-31T12:58:39;fade sauf;2024-08-01T00:12:32
f2632b24-f24b-4a53-b41f-5835afc289d8;suggérer à moins de;afin que;Simone26@yahoo.fr;de façon que sauter aigre;2024-08-01T01:51:31;précisément;ferme foule hi;true;maigre passablement entièrement;../fake-data/blob/hipster.png;image/png;2024-07-31;2024-07-31;parmi;2024-07-31T14:38:24;séculaire cadre;2024-08-01T00:09:59
420d50d3-5477-49ea-9c51-b4f1bc2cec1c;ding;devant;Aphelie27@hotmail.fr;contre;2024-07-31T13:12:53;novice concurrence partenaire;conclure vu que commissionnaire;false;main-d’œuvre vlan jeune;../fake-data/blob/hipster.png;image/png;2024-07-31;2024-08-01;verser charitable enlever;2024-08-01T03:21:44;à force de commis de cuisine;2024-07-31T07:40:53
4911f22d-521f-42df-a75f-886111891555;oh incognito;deçà miaou;Leon21@hotmail.fr;consulter d’autant que corps enseignant;2024-07-31T14:50:29;depuis lors croâ;téléphoner étant donné que;true;ouf atchoum insolite;../fake-data/blob/hipster.png;image/png;2024-08-01;2024-07-31;après;2024-07-31T15:22:39;drelin plic;2024-07-31T10:00:28
72470294-a660-4388-b06f-3aaaf7a24d99;boum;multiple manier;Octave_Faure@hotmail.fr;préférer regretter;2024-07-31T17:26:39;décoller appeler ha ha;pourvu que;false;touriste insolite;../fake-data/blob/hipster.png;image/png;2024-08-01;2024-08-01;du fait que membre titulaire vroum;2024-08-01T02:40:31;debout drelin;2024-08-01T02:44:11
b6dca9a8-6e00-49cc-aaa3-347c366c4d8e;tchou tchouu au point que rejeter;pauvre bien que complètement;Athina44@gmail.com;de peur de à condition que;2024-07-31T19:36:26;après que;tard;false;flotter gêner;../fake-data/blob/hipster.png;image/png;2024-07-31;2024-07-31;chef triathlète au prix de;2024-07-31T19:14:35;sombre extrêmement;2024-07-31T23:13:35
